trace_id,plaintext,ciphertext
0,f67ee9399bda5cc7a666af512045c7ed,1ea5eb1ebfc5eb7ea20886fb10fa2924
1,b7036ddc5ca332bd2769a3dcb96a123a,988971adfccbfe31302839436813baca
2,1f0148c9182064cf6acb3e2937818d74,9d23de2b0f709623e2f3b1cecdfbd3b4
3,430ff19984686ed3f6a8231e1c8c4dcf,115389f34e60028a43edc39169712af6
4,0379097e42227fe279539586f4eb767e,c7c759b4400b3274db5ea585d3effbcc
5,0f89ac36074699c705127d79f84dd145,f11112c1a2ba94f4bb99e4c521b06129
6,b31433aa286298d7f000e77eed5f8816,7e2a97133db91b7b28c0d5a2ddd3cbed
7,64eeeafea1a5895841bead343db78955,0c3e5630f1a45fbb7462716cd5640fdb
8,2525c7ac55afcf79e9254de41890284e,63ea40cd1253b1b4e66f1968ce46504b
9,54a0a4d22b6a5e58c4f5cbe629908385,865d5fff4c1e76d81d2672041fc7ee1e
10,b644ee9a4fe54f5cd003db17d8e5f426,6f7ddb0740ed20f1ae8a6ec2b8353d08
11,00849bff978c798ca2bd919eddfbf002,5208cd0f023679cbd7cbf399f5f0da57
12,dbe1ca3f3888e4258f2dacae16303c03,105fba60aee8882ca4d720a38f46a2c3
13,780ea20b2c944173ef9f1c52f5686295,6687a7b75ca97b682e6842ac26f95e88
14,94f9ac9266f0995e660e5d924c7ffb31,b8d1de943a94d0baa1fc0660dce31f9d
15,1016481dc5a5a229e03ac39711574dc3,c0e0ff8dea6e9c633660ec8054bed8cc
16,af8550c8f13616eb50e0403b41110801,e0221e89dcfade4c28f7787eae163b08
17,b4e7b98d136adaaf080462e42b74ef98,e9c4be81db7d8dd54768b1b1e1940999
18,c528b871640e14f5136edbd3b013f81a,e2c0e1f39677d155ee98d3452b737685
19,816f9555c9a5328df613d2b31c8679a7,e75a56d19ccfbda2faee7e2e5aad72d8
20,6603dccb82644e5eb2d58f5dc193e2f3,f4ff6c7518926af3fcc0dd9c1fc79a2f
21,6461ef6ad99f0afc5ce9d1e57a4ead2e,292a5dabd8fc3497fbf771da0f2baf83
22,98d391223672faca278eca263767f579,6cf544def4a4f0eafc68ec30b9ddcb62
23,29cf473ed2dab02684caf7f1c9cb2fda,d54d6bf90445b20afb6d687f9505e545
24,877b689222ffc5518ea8af3ec7246af3,58331103e035f449947f090d0c155094
25,387146b390de296e868af925e2e79f52,89cf65b8d97be98cae1b9f15ae38cea1
26,fdd42c874181155978570a877f4c932a,545b5c200c49386a0d2197430b6ba07b
27,5c5e1aede11eb5f39336fedd4e1bc157,8fe04195f96444e79fc441da4801df8a
28,79f2704af0d69dad8ece637b951bdbd2,98e01e1ad2d0e60d216c60a2eab19958
29,ac11fa197a3fddf8d102277a593e1761,717fa8e8447241e390a0539e8e0b4a07
30,30757db33f2c3950f4ad2fd9a27e1337,fe3f1e3a6d18c1f957f3a6c094152d4f
31,ba48977fa73dc21c7081114f557f5737,8596827e34166cf77787ee857e4e6d75
32,8eb52463e7a84dfb057cad31e834847a,cdc4f41501497d83f3855619af0ab91e
33,8eedc788f936c4f1d08f156d284f0d87,ae10be5bd3c1d7eec1d06115b643be22
34,3071fbd6860de6cdcf073c6c63b3951d,5cdf7849de47cc8bba3b8b21dd2459e3
35,3bc2206700925d6e5a4224aa341e771e,1d0238c9b56ad30374dd1ed1f7f82952
36,ff55e8f778d784211f4b8699187c4456,69b9837a0fd8e88c58ef9bc1ca559770
37,962ac608c7bdca4ff9d5031769693406,97250551e9af8f40f2e878bbd595ada4
38,b7ed12ef7fec29bc9129fdfa5c49be08,8a00e8055a0117da786581d866484c32
39,9055d9304ecfedf5b4d5ba375e733d30,94336ab1495578dad050f08380901a92
40,3f20b30bec3c0f7b267194debfa9a8fe,5fa7b94866e23549576208dc14c88a17
41,115dc0a930e7e6b4972af58f6f0c8f73,bf3e3322792304d3a37452e837e704bc
42,0cdc16e99497cda2efe4ebeeae4d6cf6,5729ef060e52dd85785038be5b155272
43,31bb36d3df7e121f782450d10a218c99,2d2d6a53ed6cef3636c557a09bedff4c
44,3db183f627f34d4aefd544abac1f5ad4,876b8a7e84e6ceb268b9b8959ea719e5
45,589e893a50604da913e692c4b56f7419,be32d03be7dbc4fbf0ca7b3ac70b9129
46,4566f7dc4d2216d0f243070bf6eb741b,bda43946f29a3c6b7173052bc1b9dda7
47,266c41e031727d0a61c1dd0932f0374b,a09369ac0f2df9e435ac97720110f5b8
48,9a83df1fc869b9bcdc0ba68432deddb9,25708d2e124d2562eea42ae06a561711
49,bec9759e82ec581cb12436e170c8d5f2,0c5a5e2ca35f77848fef9a2d62f08a8a
50,e67730a4497ed913e9ed3f5af8a5d366,a018404fb008adca6dc9cd7fd68ef501
51,3e703bd7fc17eccdf90f8f45ad46a4d4,55f78ab3476d9bb289349a1d10167b34
52,4b44c4279b3c2573260708caf5c6e5b6,d5938b57129f0560da8111c8e99fcf69
53,d81929c5eb2bed8da92645f42682e1b0,b3f1e142233e9bb4df11185a9b15bc53
54,77a5c6e9964f7253c36b9d8d21018145,36bd52a5c3fd3794e896a8bdccc95ad4
55,1ffb405d5226000ad81720eb624bf30e,86c9a556577b4cb5a8f4d2760a384850
56,1892458bcd3b0c5c1edcff0e941397c5,50fb0243c6afaa22c7f679229d7083c0
57,98c290629858f64903209091442baab3,5ad64a63e5b91014c21fdf27ff14d8af
58,848d50d1620401750a9c93e3371296b9,6eab3bdd9f3aaf2d7aafe5b4f24fed61
59,d8f3a3c05db7c44a190428e72c2178d1,ea54b274dcf8dd3ef42a91ce06f28061
60,1f7ed94235bc45505c0dd2f1135a7b7c,8281d962bfa5b02ef5090a71cdaa8e67
61,efdaba0679ec6dd075ec0d98bd5de5bd,26aa152b36069272da279df423b6ae84
62,e3489fea0c9045c74f158f3dfe81a74a,b5ea4002c4417fd1708b0cc98118bb55
63,5e3d8c1faabef7c1cc9f527601060eb6,711afcd09c60ec7f4389004744edb83b
64,a3fee75a197f7844bbeca29c6668cc39,b40b40ae6e973940f5a88ae65daa63aa
65,0bf41a90892969ea395d3b67ce03646c,58ed0a3182236068d695dc491b2030fb
66,ce026498eb23ca97e996760880ce3140,264b48caf219d6d63595d2798086527b
67,60838fe8eddd3423e1096bbb7ce2d06e,af426fe547c2bf1fd256555ca85f04b6
68,8d8a6b28c99073a673c840b258137e8b,a9b2183fe8cbfafcb16b510363140c08
69,503ce2b918049e5ea5e21ec4aecfe548,c4ba6cd0f561aa991bfab946f43ed1cd
70,23f66b58612723e067cb6a1dd5fd1db1,9e753d02c819c2f81324b0674e4f98c1
71,4c8c848beb91bfe92097e7945c9f1828,d75fa3ff7ded80444175c6ee08f2c4fa
72,5d351de44bf7d285f6cf52a198775bcf,1e840a623cadb9f8cc45217f60005b64
73,cfb5def3e75630c16e23118ddd005eee,fbcec47b81fcaa520b382af279b96942
74,b129affb23dbe288cab976987dac265c,451b809822a61f5781b3818ef2c425ac
75,c3afddbd738626aa39d01b0f25ff4132,2efca2855acc571838247fa843249cb5
76,c1dbd9115db4cbe819a3f103dbec7f22,89d8a32aa01ed3412ceba6aa64e5eedd
77,d9e847014062d5f0344c757e740d5d1b,903a1911bb5b904f50edcbbf01063abb
78,43ac76f231206a440a40606ebd123a7b,7e9a3888ee5e7983924e9a737abf0d6b
79,d3d927c5afd4415be39b250f1f9acb2f,09de9efac42c005eee831fd47b90a9ff
80,f618eb22091890e4b55954e8d2ded4ec,6f0fd60fa8a072ac4fe88e315a113e05
81,ff5289ebd5cb06fe0c6eb350e31b9611,12f80d3a4c5413fe37250a28a75408c2
82,7e88438724befb71efc4a7caa92265f4,71bdfde6d4f81efa5da931fc7af549ed
83,a2ae0aa2a55713cad26a1014c17f19b5,8628de639fe953eb62787c673b90bc1c
84,f31cf27b0d3caf984dbe0e30bd4c4dab,ee5112da59b0ac06ef2ac8c63610f348
85,eb6f00ba40a323c35c82eb349882231b,8c4a2e608f4afc5cc82054e6df84de06
86,0c279cbcf1e6710150441351ca64f15c,38e7d3f23cc538f63096d85920a23148
87,97963f6912f361eab6b56f3b4d3babcf,e8371db9b8feaf774eefda3eb42cf180
88,c073fb71f08205ada343d4aa074ffd35,c988c0ac931e4d1416db134990ec3369
89,2d83fb7fbb77f0d8d89022a4ec50d2f5,f0a82cb56b35e81ecaac58bc793038c2
90,64baf2e6680b770bc7f1d69917229db1,115a9630fc204a37f62590f319f64917
91,7fd1e7dae4920b37a6515468a0f1c330,0ab90c264eda7755683e858609d52ffe
92,c02c2e2b0648f26891b47866043b5196,1883462211f294b1f642f02cb08defbe
93,7ab51f1f9d02595e11a92c2967f2c94e,83da24048c5bc9af934f1b0f30efe5ce
94,c6077d0ae3dee674a6b62b3e160141f9,e75d915e08cd677390f04b3ff5519952
95,8811d7d89a49c2c18ea4f8b8c1b577a6,b7cde6ecbbb60cc7a05d7ad00105b82f
96,3cedb1bc60d6c98c4f906fdc2738a0fa,6c9d79ba953fb9de42f5cf975b43d22d
97,d83a235a2bdb316c2ff87623005ed4eb,064c68fc6ad67d2f74ebc68e699a4a24
98,f670159b8b6fb4fdd10f5bc66389f2f6,8c4a0805e6b283fb2889cc4a72bb6cb2
99,2535164e4e4f1f9960dda89fa93faadb,a3cf827b3912322fc05b79f5ef7b3963
